id,name,model_id:id,group_id:id,perm_read,perm_write,perm_create,perm_unlink

access_mcisogem_banque_commerciale_manager,mcisogem.banque.commerciale comptabilite_manager,model_mcisogem_banque_commerciale,group_comptabilite_manager,1,1,1,1

access_mcisogem_validation_reception_prestation_prest_manager,mcisogem.validation.reception prestation_manager,model_mcisogem_validation_reception,group_prestation_manager,1,1,1,1
access_mcisogem_brouillard_prestation_prest_manager,mcisogem.brouillard.prestation prestation_manager,model_mcisogem_brouillard_prestation,group_prestation_manager,1,1,1,1

access_mcisogem_prestation_prest_manager,mcisogem.prestation prestation_manager,model_mcisogem_prestation,group_prestation_manager,1,1,1,1
access_mcisogem_unite_temps_prest_manager,mcisogem.unite.temps prestation_manager,model_mcisogem_unite_temps,group_prestation_manager,1,1,1,1
access_mcisogem_stat_benef_prest_manager,mcisogem.stat.benef prestation_manager,model_mcisogem_unite_temps,group_prestation_manager,1,1,1,1
access_mcisogem_validation_prestation_manager,mcisogem.validation.prestation prestation_manager,model_mcisogem_validation_prestation,group_prestation_manager,1,1,1,1
access_mcisogem_validation_prestation_direction_manager,mcisogem.validation.prestation.direction prestation_manager,model_mcisogem_validation_prestation_direction,group_prestation_manager,1,1,1,1
access_mcisogem_validation_prestation_reglement_manager,mcisogem.validation.prestation.reglement prestation_manager,model_mcisogem_validation_prestation_reglement,group_prestation_manager,1,1,1,1
access_mcisogem_validation_prest_reglement_manager,mcisogem.validation.compta.prestation.reglement prestation_manager,model_mcisogem_validation_compta_prestation_reglement,group_prestation_manager,1,1,1,1
access_mcisogem_acte_entente_prealable_prest_manager,mcisogem.acte.entente.prealable prestation_manager,model_mcisogem_acte_entente_prealable,group_prestation_manager,1,1,1,1
access_mcisogem_type_contrat_prestation_manager,mcisogem.type.contrat prestation_manager,model_mcisogem_type_contrat,group_prestation_manager,1,1,1,1
access_mcisogem_mod_recond_prestation_manager,mcisogem.mod.recond prestation_manager,model_mcisogem_mod_recond,group_prestation_manager,1,1,1,1
access_mcisogem_souscripteur_prestation_manager,mcisogem.souscripteur prestation_manager,model_mcisogem_souscripteur,group_prestation_manager,1,1,1,1
access_mcisogem_fam_prest_prest_manager,mcisogem.fam.prest prestation_manager,model_mcisogem_fam_prest,group_prestation_manager,1,0,0,0
access_mcisogem_benef_prest_manager,mcisogem.benef prestation_manager,model_mcisogem_benef,group_prestation_manager,1,0,0,0
access_mcisogem_centre_prest_manager,mcisogem.centre prestation_manager,model_mcisogem_centre,group_prestation_manager,1,0,0,0
access_mcisogem_acte_prest_manager,mcisogem.nomen.prest prestation_manager,model_mcisogem_nomen_prest,group_prestation_manager,1,0,0,0
access_mcisogem_affection_prest_manager,mcisogem.affec prestation_manager,model_mcisogem_affec,group_prestation_manager,1,0,0,0
access_mcisogem_praticien_prest_manager,mcisogem.praticien prestation_manager,model_mcisogem_praticien,group_prestation_manager,1,0,0,0
access_mcisogem_agr_prestat_manager,mcisogem.agr.prestat prestation_manager,model_mcisogem_agr_prestat,group_prestation_manager,1,0,0,0
access_mcisogem_police_manager,mcisogem.police prestation_manager,model_mcisogem_police,group_prestation_manager,1,0,0,0
access_mcisogem_histo_police_manager,mcisogem.histo.police prestation_manager,model_mcisogem_histo_police,group_prestation_manager,1,0,0,0
access_mcisogem_tarif_nego_police_prest_manager,mcisogem.tarif.nego.police prestation_manager,model_mcisogem_tarif_nego_police,group_prestation_manager,1,0,0,0
access_mcisogem_police_comp_prest_manager,mcisogem.police.complementaire.beneficiaire prestation_manager,model_mcisogem_police_complementaire_beneficiaire,group_prestation_manager,1,0,0,0
access_mcisogem_bareme_prest_manager,mcisogem.bareme prestation_manager,model_mcisogem_bareme,group_prestation_manager,1,0,0,0
access_mcisogem_liste_dent_manager,mcisogem.liste.dent prestation_manager,model_mcisogem_liste_dent,group_prestation_manager,1,1,1,1
access_mcisogem_account_period_prest_manager,mcisogem.account.period prestation_manager,model_mcisogem_account_period,group_prestation_manager,1,1,1,1



access_mcisogem_validation_prestation_manager,mcisogem.validation.prestation prestation_valid_sais,model_mcisogem_validation_prestation,group_prestation_valid_sais,1,1,1,1


access_mcisogem_validation_prestation_direction,mcisogem.validation.prestation.direction prestation_valid_dir,model_mcisogem_validation_prestation_direction,group_prestation_valid_dir,1,1,1,1


access_mcisogem_validation_prestation_reglement,mcisogem.validation.prestation.reglement prestation_cre_rgl,model_mcisogem_validation_prestation_reglement,group_prestation_cre_rgl,1,1,1,1


access_mcisogem_compta_regl_manager,mcisogem.validation.compta.prestation.reglement compta_regl,model_mcisogem_validation_compta_prestation_reglement,group_compta_regl,1,1,1,1



access_mcisogem_compta_remb_manager,mcisogem.validation.compta.prestation.remb compta_remb,model_mcisogem_validation_compta_prestation_remb,group_compta_remb,1,1,1,1



access_mcisogem_account_period_prestataire,mcisogem.account.period prestataire,model_mcisogem_account_period,group_prestataire,1,0,0,0
access_mcisogem_bareme_prestataire,mcisogem.bareme prestataire,model_mcisogem_bareme,group_prestataire,1,0,0,0


access_mcisogem_garant_prest_manager,mcisogem.garant prestation_manager,model_mcisogem_garant,group_prestation_manager,1,1,1,1
access_mcisogem_centre_gestion__prest_manager,mcisogem.centre.gestion prestation_manager,model_mcisogem_centre_gestion,group_prestation_manager,1,1,1,1
access_mcisogem_spec_med_manager,mcisogem.spec.med prestation_manager,model_mcisogem_spec_med,group_prestation_manager,1,1,1,1
access_mcisogem_unite_temps_prest,mcisogem.unite.temps prestation_manager,model_mcisogem_unite_temps,group_prestation_manager,1,1,1,1
access_mcisogem_exercice_prest,mcisogem.exercice prestation_manager,model_mcisogem_exercice,group_prestation_manager,1,1,1,1
access_mcisogem_act_excl_pol_prestation_manager,mcisogem.act.excl.pol prestation_manager,model_mcisogem_act_excl_pol,group_prestation_manager,1,1,1,1
access_mcisogem_praticien_temp_manager,mcisogem.praticien.presta.tempo prestation_manager,model_mcisogem_praticien_presta_tempo,group_prestation_manager,1,0,0,0
access_mcisogem_delai_carence_prest_manager,mcisogem.delai.carence prestation_manager,model_mcisogem_delai_carence,group_prestation_manager,1,0,0,0
access_mcisogem_intervalle_prest_manager,mcisogem.intervalle2actes prestation_manager,model_mcisogem_intervalle2actes,group_prestation_manager,1,0,0,0
access_mcisogem_tick_mod_prest_manager,mcisogem.tick.mod.pol prestation_manager,model_mcisogem_tick_mod_pol,group_prestation_manager,1,0,0,0
access_mcisogem_tarif_nego_prest_manager,mcisogem.tarif.nego.benef prestation_manager,model_mcisogem_tarif_nego_benef,group_prestation_manager,1,0,0,0
access_mcisogem_tarif_convention_med_prest_manager,mcisogem.tarif.convention.medecin prestation_manager,model_mcisogem_tarif_convention_medecin,group_prestation_manager,1,0,0,0
access_mcisogem_tarif_convention_manager,mcisogem.tarif.convention prestation_manager,model_mcisogem_tarif_convention,group_prestation_manager,1,0,0,0
access_mcisogem_sous_actes_manager,mcisogem.sous.actes prestation_manager,model_mcisogem_sous_actes,group_prestation_manager,1,1,1,1
access_mcisogem_prest_sous_actes_manager,mcisogem.prestation.sous.actes prestation_manager,model_mcisogem_prestation_sous_actes,group_prestation_manager,1,1,1,1
access_mcisogem_pret_temp_manager,mcisogem.prestation.temp prestation_manager,model_mcisogem_prestation_temp,group_prestation_manager,1,1,1,1
access_mcisogem_pret_rech_temp_manager,mcisogem.prestation.recherche.temp prestation_manager,model_mcisogem_prestation_recherche_temp,group_prestation_manager,1,1,1,1

access_mcisogem_garant_temp_manager,mcisogem.garant.temp comptabilite_manager,model_mcisogem_garant_temp,group_comptabilite_manager,1,1,1,1
access_mcisogem_centre_temp_manager,mcisogem.centre.temp comptabilite_manager,model_mcisogem_centre_temp,group_comptabilite_manager,1,1,1,1
access_mcisogem_prest_temp_manager,mcisogem.prestation.temp comptabilite_manager,model_mcisogem_prestation_temp,group_comptabilite_manager,1,1,1,1
access_mcisogem_validation_compta_reglement_manager,mcisogem.validation.compta.prestation.reglement comptabilite_manager,model_mcisogem_validation_compta_prestation_reglement,group_comptabilite_manager,1,1,1,1
access_mcisogem_paiement_sinistre_manager,mcisogem.paiement.sinistre prestation_manager,model_mcisogem_paiement_sinistre,group_prestation_manager,1,1,1,1
access_mcisogem_paiement_sinistre_compta_manager,mcisogem.paiement.sinistre comptabilite_manager,model_mcisogem_paiement_sinistre,group_comptabilite_manager,1,1,1,1
access_mcisogem_compta_rech_temp_manager,mcisogem.prestation.recherche.temp comptabilite_manager,model_mcisogem_prestation_recherche_temp,group_comptabilite_manager,1,1,1,1
access_mcisogem_regime_compta_manager,mcisogem.regime comptabilite_manager,model_mcisogem_regime,group_comptabilite_manager,1,0,0,0
access_mcisogem_regime_presta_manager,mcisogem.regime prestation_manager,model_mcisogem_regime,group_prestation_manager,1,0,0,0
access_mcisogem_banque_reglement_manager,mcisogem.banque.reglement comptabilite_manager,model_mcisogem_banque_reglement,group_comptabilite_manager,1,1,1,1
access_mcisogem_prestation_manager,mcisogem.prestation comptabilite_manager,model_mcisogem_prestation,group_comptabilite_manager,1,1,0,0
access_mcisogem_account_period_manager,mcisogem.account.period comptabilite_manager,model_mcisogem_account_period,group_comptabilite_manager,1,1,1,1
access_mcisogem_ecriture_comptable_manager,mcisogem.ecriture.comptable comptabilite_manager,model_mcisogem_ecriture_comptable,group_comptabilite_manager,1,1,1,1
access_mcisogem_exercice_comptable_manager,mcisogem.exercice comptabilite_manager,model_mcisogem_exercice,group_comptabilite_manager,1,1,1,1
access_mcisogem_account_period_comptable_manager,mcisogem.account.period comptabilite_manager,model_mcisogem_account_period,group_comptabilite_manager,1,1,1,1
access_mcisogem_compta_report_comptable_manager,mcisogem.compta.report comptabilite_manager,model_mcisogem_compta_report,group_comptabilite_manager,1,1,1,1
access_mcisogem_account_period_prod_manager,mcisogem.account.period production_manager,model_mcisogem_account_period,group_production_manager,1,1,1,1
access_mcisogem_histo_suspension_manager,mcisogem.histo.suspension production_manager,model_mcisogem_histo_suspension,group_production_manager,1,1,1,1
access_mcisogem_histo_retrait_manager,mcisogem.histo.retrait production_manager,model_mcisogem_histo_retrait,group_production_manager,1,1,1,1
access_res_users_production_manager,res.users production_manager,model_res_users,group_production_manager,1,1,1,1
access_mcisogem_district_production_manager,mcisogem.district production_manager,model_mcisogem_district,group_production_manager,1,1,1,1
access_mcisogem_plage_bon_production_manager,mcisogem.plage.bon production_manager,model_mcisogem_plage_bon,group_production_manager,1,1,1,1
access_mcisogem_prestation_prod_manager,mcisogem.prestation production_manager,model_mcisogem_prestation,group_production_manager,1,0,0,0
access_res_users_admin_manager,res.users admin,model_res_users,group_admin,1,1,1,1
access_mcisogem_tarif_nego_benef__prod_manager,mcisogem.tarif.nego.benef.benef.temp production_manager,model_mcisogem_tarif_nego_benef_benef_temp,group_production_manager,1,1,1,1
access_mcisogem_exercice_prod,mcisogem.exercice production_manager,model_mcisogem_exercice,group_production_manager,1,1,1,1


access_mcisogem_stat_benef_sc,mcisogem.stat.benef secretariat_medical,model_mcisogem_unite_temps,group_secretariat_medical,1,1,1,1
access_mcisogem_prestation_prest_manager_sc,mcisogem.prestation secretariat_medical,model_mcisogem_prestation,group_secretariat_medical,1,1,1,1
access_mcisogem_acte_entente_prealable_prest_manager_sc,mcisogem.acte.entente.prealable secretariat_medical,model_mcisogem_acte_entente_prealable,group_secretariat_medical,1,1,1,1
access_mcisogem_type_contrat_secretariat_medical,mcisogem.type.contrat secretariat_medical,model_mcisogem_type_contrat,group_secretariat_medical,1,1,1,1
access_mcisogem_mod_recond_secretariat_medical,mcisogem.mod.recond secretariat_medical,model_mcisogem_mod_recond,group_secretariat_medical,1,1,1,1
access_mcisogem_souscripteur_secretariat_medical,mcisogem.souscripteur secretariat_medical,model_mcisogem_souscripteur,group_secretariat_medical,1,1,1,1
access_mcisogem_fam_prest_prest_manager_sc,mcisogem.fam.prest secretariat_medical,model_mcisogem_fam_prest,group_secretariat_medical,1,0,0,0
access_mcisogem_benef_prest_manager_sc,mcisogem.benef secretariat_medical,model_mcisogem_benef,group_secretariat_medical,1,0,0,0
access_mcisogem_centre_prest_manager_sc,mcisogem.centre secretariat_medical,model_mcisogem_centre,group_secretariat_medical,1,0,0,0
access_mcisogem_acte_prest_manager_sc,mcisogem.nomen.prest secretariat_medical,model_mcisogem_nomen_prest,group_secretariat_medical,1,0,0,0
access_mcisogem_affection_prest_manager_sc,mcisogem.affec secretariat_medical,model_mcisogem_affec,group_secretariat_medical,1,0,0,0
access_mcisogem_praticien_prest_manager_sc,mcisogem.praticien secretariat_medical,model_mcisogem_praticien,group_secretariat_medical,1,0,0,0
access_mcisogem_agr_prestat_manager_sc,mcisogem.agr.prestat secretariat_medical,model_mcisogem_agr_prestat,group_secretariat_medical,1,0,0,0
access_mcisogem_police_manager_sc,mcisogem.police secretariat_medical,model_mcisogem_police,group_secretariat_medical,1,0,0,0
access_mcisogem_histo_police_manager_sc,mcisogem.histo.police secretariat_medical,model_mcisogem_histo_police,group_secretariat_medical,1,0,0,0
access_mcisogem_tarif_nego_police_prest_manager_sc,mcisogem.tarif.nego.police secretariat_medical,model_mcisogem_tarif_nego_police,group_secretariat_medical,1,0,0,0
access_mcisogem_police_comp_prest_manager_sc,mcisogem.police.complementaire.beneficiaire secretariat_medical,model_mcisogem_police_complementaire_beneficiaire,group_secretariat_medical,1,0,0,0
access_mcisogem_bareme_prest_manager_sc,mcisogem.bareme secretariat_medical,model_mcisogem_bareme,group_secretariat_medical,1,0,0,0
access_mcisogem_liste_dent_manager_sc,mcisogem.liste.dent secretariat_medical,model_mcisogem_liste_dent,group_secretariat_medical,1,1,1,1
access_mcisogem_account_period_prest_manager_sc,mcisogem.account.period secretariat_medical,model_mcisogem_account_period,group_secretariat_medical,1,1,1,1
access_mcisogem_garant_prest_manager_sc,mcisogem.garant secretariat_medical,model_mcisogem_garant,group_secretariat_medical,1,1,1,1
access_mcisogem_centre_gestion__prest_manager_sc,mcisogem.centre.gestion secretariat_medical,model_mcisogem_centre_gestion,group_secretariat_medical,1,1,1,1
access_mcisogem_spec_med_manager_sc,mcisogem.spec.med secretariat_medical,model_mcisogem_spec_med,group_secretariat_medical,1,1,1,1
access_mcisogem_unite_temps_prest,mcisogem.unite.temps secretariat_medical,model_mcisogem_unite_temps,group_secretariat_medical,1,1,1,1
access_mcisogem_exercice_prest,mcisogem.exercice secretariat_medical,model_mcisogem_exercice,group_secretariat_medical,1,1,1,1
access_mcisogem_act_excl_pol_secretariat_medical,mcisogem.act.excl.pol secretariat_medical,model_mcisogem_act_excl_pol,group_secretariat_medical,1,1,1,1
access_mcisogem_praticien_temp_manager_sc,mcisogem.praticien.presta.tempo secretariat_medical,model_mcisogem_praticien_presta_tempo,group_secretariat_medical,1,0,0,0
access_mcisogem_delai_carence_prest_manager_sc,mcisogem.delai.carence secretariat_medical,model_mcisogem_delai_carence,group_secretariat_medical,1,0,0,0
access_mcisogem_intervalle_prest_manager_sc,mcisogem.intervalle2actes secretariat_medical,model_mcisogem_intervalle2actes,group_secretariat_medical,1,0,0,0
access_mcisogem_tick_mod_prest_manager_sc,mcisogem.tick.mod.pol secretariat_medical,model_mcisogem_tick_mod_pol,group_secretariat_medical,1,0,0,0
access_mcisogem_tarif_nego_prest_manager_sc,mcisogem.tarif.nego.benef secretariat_medical,model_mcisogem_tarif_nego_benef,group_secretariat_medical,1,0,0,0
access_mcisogem_tarif_convention_med_prest_manager_sc,mcisogem.tarif.convention.medecin secretariat_medical,model_mcisogem_tarif_convention_medecin,group_secretariat_medical,1,0,0,0
access_mcisogem_tarif_convention_manager_sc,mcisogem.tarif.convention secretariat_medical,model_mcisogem_tarif_convention,group_secretariat_medical,1,0,0,0
access_mcisogem_sous_actes_manager_sc,mcisogem.sous.actes secretariat_medical,model_mcisogem_sous_actes,group_secretariat_medical,1,1,1,1
access_mcisogem_prest_sous_actes_manager_sc,mcisogem.prestation.sous.actes secretariat_medical,model_mcisogem_prestation_sous_actes,group_secretariat_medical,1,1,1,1
access_mcisogem_pret_temp_manager_sc,mcisogem.prestation.temp secretariat_medical,model_mcisogem_prestation_temp,group_secretariat_medical,1,1,1,1
access_mcisogem_pret_rech_temp_manager_sc,mcisogem.prestation.recherche.temp secretariat_medical,model_mcisogem_prestation_recherche_temp,group_secretariat_medical,1,1,1,1
access_mcisogem_regroupement_prestation_manager,mcisogem.regroupement.prestation secretariat_medical,model_mcisogem_regroupement_prestation,group_secretariat_medical,1,1,1,1
access_mcisogem_prestation_tempo_manager,mcisogem.praticien.presta.tempo secretariat_medical,model_mcisogem_praticien_presta_tempo,group_secretariat_medical,1,1,1,1
access_mcisogem_prestation_plage_bon_manager,mcisogem.plage.bon secretariat_medical,model_mcisogem_plage_bon,group_secretariat_medical,1,1,1,1
access_mcisogem_prestation_regime_manager,mcisogem.regime secretariat_medical,model_mcisogem_regime,group_secretariat_medical,1,1,1,1
access_mcisogem_prest_ordonance_secretariat_manager,mcisogem.prestation.ordornance secretariat_medical,model_mcisogem_prestation_ordornance,group_secretariat_medical,1,1,1,1


access_mcisogem_tarif_nego_benef_acte_prod_manager,mcisogem.tarif.nego.benef.nomen.prest.temp production_manager,model_mcisogem_tarif_nego_benef_nomen_prest_temp,group_production_manager,1,1,1,1

access_mcisogem_tarif_nego_benef_centre_prod_manager,mcisogem.tarif.nego.benef.centre.temp production_manager,model_mcisogem_tarif_nego_benef_centre_temp,group_production_manager,1,1,1,1


access_mcisogem_ticket_nego_benef__prod_manager,mcisogem.ticket.nego.benef.benef.temp production_manager,model_mcisogem_ticket_nego_benef_benef_temp,group_production_manager,1,1,1,1

access_mcisogem_ticket_nego_benef_acte_prod_manager,mcisogem.ticket.nego.benef.nomen.prest.temp production_manager,model_mcisogem_ticket_nego_benef_nomen_prest_temp,group_production_manager,1,1,1,1

access_mcisogem_ticket_nego_benef_centre_prod_manager,mcisogem.ticket.nego.benef.centre.temp production_manager,model_mcisogem_ticket_nego_benef_centre_temp,group_production_manager,1,1,1,1





access_mcisogem_ticket_nego_prod_manager,mcisogem.ticket.nego.police.temp production_manager,model_mcisogem_ticket_nego_police_temp,group_production_manager,1,1,1,1

access_mcisogem_ticket_nego_centre_prod_manager,mcisogem.ticket.nego.centre.temp production_manager,model_mcisogem_ticket_nego_centre_temp,group_production_manager,1,1,1,1

access_mcisogem_police_comp_prod_manager,mcisogem.police.complementaire.beneficiaire prestation_manager,model_mcisogem_police_complementaire_beneficiaire,group_production_manager,1,1,1,1

access_mcisogem_centre_prod_manager,mcisogem.centre production_manager,model_mcisogem_centre,group_production_manager,1,1,1,1
access_mcisogem_motif_suspen_benef_prod_manager,mcisogem.motif.suspen.benef production_manager,model_mcisogem_motif_suspen_benef,group_production_manager,1,1,1,1
access_mcisogem_liste_dent_prod_manager,mcisogem.liste.dent production_manager,model_mcisogem_liste_dent,group_production_manager,1,0,0,0
access_mcisogem_affection_prod_manager,mcisogem.affec production_manager,model_mcisogem_affec,group_production_manager,1,0,0,0
access_mcisogem_praticien_prod_manager,mcisogem.praticien production_manager,model_mcisogem_praticien,group_production_manager,1,0,0,0
access_mcisogem_sous_actes_prod_manager,mcisogem.sous.actes production_manager,model_mcisogem_sous_actes,group_production_manager,1,0,0,0
access_mcisogem_prest_sous_actes_prod_manager,mcisogem.prestation.sous.actes production_manager,model_mcisogem_prestation_sous_actes,group_production_manager,1,0,0,0

access_mcisogem_prest_ordonance_prod_manager,mcisogem.prestation.ordornance production_manager,model_mcisogem_prestation_ordornance,group_production_manager,1,0,0,0


access_mcisogem_prestation_recherche_result,mcisogem.prestation.recherche.result comptabilite_manager,model_mcisogem_prestation_recherche_result,group_comptabilite_manager,1,1,1,1
access_mcisogem_garant,mcisogem.garant comptabilite_manager,model_mcisogem_garant,group_comptabilite_manager,1,1,0,0
access_mcisogem_centre,mcisogem.centre comptabilite_manager,model_mcisogem_centre,group_comptabilite_manager,1,1,0,0
access_mcisogem_praticien,mcisogem.praticien comptabilite_manager,model_mcisogem_praticien,group_comptabilite_manager,1,1,0,0
access_mcisogem_langue_production_manager,mcisogem.langue production_manager,model_mcisogem_langue,group_production_manager,1,1,1,1
access_mcisogem_commune_production_manager,mcisogem.commune production_manager,model_mcisogem_commune,group_production_manager,1,1,1,1
access_mcisogem_tranche_age_production_manager,mcisogem.tranche.age production_manager,model_mcisogem_tranche_age,group_production_manager,1,1,1,1
access_mcisogem_pays_production_manager,mcisogem.pays production_manager,model_mcisogem_pays,group_production_manager,1,1,1,1
access_mcisogem_ville_production_manager,mcisogem.ville production_manager,model_mcisogem_ville,group_production_manager,1,1,1,1
access_mcisogem_zone_production_manager,mcisogem.zone production_manager,model_mcisogem_zone,group_production_manager,1,1,1,1
access_mcisogem_type_garant_production_manager,mcisogem.type.garant production_manager,model_mcisogem_type_garant,group_production_manager,1,1,1,1
access_mcisogem_type_avenant_production_manager,mcisogem.type.avenant production_manager,model_mcisogem_type_avenant,group_production_manager,1,0,0,0
access_mcisogem_type_contrat_production_manager,mcisogem.type.contrat production_manager,model_mcisogem_type_contrat,group_production_manager,1,1,1,1
access_mcisogem_mod_recond_production_manager,mcisogem.mod.recond production_manager,model_mcisogem_mod_recond,group_production_manager,1,1,1,1
access_mcisogem_regime_production_manager,mcisogem.regime production_manager,model_mcisogem_regime,group_production_manager,1,1,1,1
access_mcisogem_concurent_production_manager,mcisogem.concurent production_manager,model_mcisogem_concurent,group_production_manager,1,1,1,1
access_mcisogem_unite_temps_production_manager,mcisogem.unite.temps production_manager,model_mcisogem_unite_temps,group_production_manager,1,1,1,1
access_mcisogem_devise_territoire_manager,mcisogem.territoire production_manager,model_mcisogem_territoire,group_production_manager,1,1,1,1
access_mcisogem_devise_regroupe_territoire_manager,mcisogem.regroupe.territoire production_manager,model_mcisogem_regroupe_territoire,group_production_manager,1,1,1,1
access_mcisogem_region_production_manager,mcisogem.region production_manager,model_mcisogem_region,group_production_manager,1,1,1,1
access_mcisogem_courtier_production_manager,mcisogem.courtier production_manager,model_mcisogem_courtier,group_production_manager,1,1,1,1
access_mcisogem_type_intermediaire_production_manager,mcisogem.type.intermediaire production_manager,model_mcisogem_type_intermediaire,group_production_manager,1,1,1,1
access_mcisogem_type_intermediaire_production_user,mcisogem.type.intermediaire production_user,model_mcisogem_type_intermediaire,group_production_user,1,1,1,1
access_mcisogem_motif_suspen_production_manager,mcisogem.motif_suspen production_manager,model_mcisogem_motif_suspen,group_production_manager,1,1,1,1
access_mcisogem_exercice_production_manager,mcisogem.exercice production_manager,model_mcisogem_exercice,group_production_manager,1,0,1,0
access_mcisogem_avenant_production_manager,mcisogem.avenant production_manager,model_mcisogem_avenant,group_production_manager,1,1,1,1
access_mcisogem_college_production_manager,mcisogem.college production_manager,model_mcisogem_college,group_production_manager,1,1,1,1
access_mcisogem_centre_gestion_production_manager,mcisogem.centre_gestion production_manager,model_mcisogem_centre_gestion,group_production_manager,1,1,1,1
access_mcisogem_plage_type_garant_production_manager,mcisogem.plage_type_garant production_manager,model_mcisogem_plage_type_garant,group_production_manager,1,1,1,1
access_mcisogem_garant_production_manager,mcisogem.garant production_manager,model_mcisogem_garant,group_production_manager,1,1,1,1
access_mcisogem_souscripteur_production_manager,mcisogem.souscripteur production_manager,model_mcisogem_souscripteur,group_production_manager,1,1,1,1
access_mcisogem_police_production_manager,mcisogem.police production_manager,model_mcisogem_police,group_production_manager,1,1,1,1
access_mcisogem_delai_carence_production_manager,mcisogem.delai.carence production_manager,model_mcisogem_delai_carence,group_production_manager,1,1,1,1
access_mcisogem_histo_police_production_manager,mcisogem.histo.police production_manager,model_mcisogem_histo_police,group_production_manager,1,1,1,1
access_mcisogem_liste_noire_production_manager,mcisogem.liste.noire production_manager,model_mcisogem_liste_noire,group_production_manager,1,0,1,0
access_mcisogem_exercice_police_production_manager,mcisogem.exercice_police production_manager,model_mcisogem_exercice_police,group_production_manager,1,1,1,1
access_mcisogem_histo_prime_production_manager,mcisogem.histo_prime production_manager,model_mcisogem_histo_prime,group_production_manager,1,1,1,1
access_mcisogem_histo_prime_stat_benef_temp_production_manager,mcisogem.histo.prime.stat.benef.temp production_manager,model_mcisogem_histo_prime_stat_benef_temp,group_production_manager,1,1,1,1
access_mcisogem_histo_prime_college_temp_production_manager,mcisogem.histo.prime.college.temp production_manager,model_mcisogem_histo_prime_college_temp,group_production_manager,1,1,1,1
access_mcisogem_histo_prime_tranche_age_temp_production_manager,mcisogem.histo.prime.tranche.age.temp production_manager,model_mcisogem_histo_prime_tranche_age_temp,group_production_manager,1,1,1,1
access_mcisogem_stat_benef_production_manager,mcisogem.stat.benef production_manager,model_mcisogem_stat_benef,group_production_manager,1,1,1,1
access_mcisogem_fam_statut_production_manager,mcisogem.fam.statut production_manager,model_mcisogem_fam_statut,group_production_manager,1,1,1,1
access_mcisogem_nature_risque_production_manager,mcisogem.nature.risque production_manager,model_mcisogem_nature_risque,group_production_manager,1,1,1,1
access_mcisogem_sexe_production_manager,mcisogem.sexe production_manager,model_mcisogem_sexe,group_production_manager,1,1,1,1
access_mcisogem_benef_college_temp_production_manager,mcisogem.benef.college.temp production_manager,model_mcisogem_benef_college_temp,group_production_manager,1,1,1,1
access_mcisogem_typeavenant_temp_production_manager,mcisogem.typeavenant.temp production_manager,model_mcisogem_typeavenant_temp,group_production_manager,1,1,1,1
access_mcisogem_histo_benef_production_manager,mcisogem.histo.benef production_manager,model_mcisogem_histo_benef,group_production_manager,1,1,1,1
access_mcisogem_numero_production_manager,mcisogem.numero production_manager,model_mcisogem_numero,group_production_manager,1,1,1,1


access_mcisogem_garant_med_manager,mcisogem.garant medical_manager,model_mcisogem_garant,group_medical_manager,1,1,0,0
access_mcisogem_police_med_manager,mcisogem.police medical_manager,model_mcisogem_police,group_medical_manager,1,1,0,0
access_mcisogem_tarif_nego_centre_temp_med_manager,mcisogem.tarif.nego.centre.temp medical_manager,model_mcisogem_tarif_nego_centre_temp,group_medical_manager,1,1,0,0
access_mcisogem_college_med_manager,mcisogem.college medical_manager,model_mcisogem_college,group_medical_manager,1,1,0,0
access_mcisogem_medecin_med_manager,mcisogem.medecin.temp medical_manager,model_mcisogem_medecin_temp,group_medical_manager,1,1,1,1
access_mcisogem_conv_uniq_medical_manager,mcisogem.convention.unique medical_manager,model_mcisogem_convention_unique,group_medical_manager,1,1,1,1
access_mcisogem_type_centre_medical_manager,mcisogem.type.centre medical_manager,model_mcisogem_type_centre,group_medical_manager,1,1,1,1
access_mcisogem_plage_centre_medical_manager,mcisogem.plage.centre medical_manager,model_mcisogem_plage_centre,group_medical_manager,1,1,1,1
access_mcisogem_centre_medical_manager,mcisogem.centre medical_manager,model_mcisogem_centre,group_medical_manager,1,1,1,1
access_mcisogem_fam_activite_medical_manager,mcisogem.fam.activite medical_manager,model_mcisogem_fam_activite,group_medical_manager,1,1,1,1
access_mcisogem_fam_prest_medical_manager,mcisogem.fam.prest medical_manager,model_mcisogem_fam_prest,group_medical_manager,1,1,1,1
access_mcisogem_nomen_prest_medical_manager,mcisogem.nomen.prest medical_manager,model_mcisogem_nomen_prest,group_medical_manager,1,1,1,1
access_mcisogem_acte_entente_prealable_medical_manager,mcisogem.acte.entente.prealable medical_manager,model_mcisogem_acte_entente_prealable,group_medical_manager,1,1,1,1
access_mcisogem_convention_medical_manager,mcisogem.convention medical_manager,model_mcisogem_convention,group_medical_manager,1,1,1,1
access_mcisogem_spec_med_medical_manager,mcisogem.spec_med medical_manager,model_mcisogem_spec_med,group_medical_manager,1,1,1,1
access_mcisogem_prestat_medical_manager,mcisogem.prestat medical_manager,model_mcisogem_prestat,group_medical_manager,1,1,1,1
access_mcisogem_praticien_medical_manager,mcisogem.praticien medical_manager,model_mcisogem_praticien,group_medical_manager,1,1,1,1
access_mcisogem_type_aff_medical_manager,mcisogem.type.aff medical_manager,model_mcisogem_type_aff,group_medical_manager,1,1,1,1
access_mcisogem_affec_medical_manager,mcisogem.affec medical_manager,model_mcisogem_affec,group_medical_manager,1,1,1,1
access_mcisogem_liste_dent_medical_manager,mcisogem.liste.dent medical_manager,model_mcisogem_liste_dent,group_medical_manager,1,1,1,1
access_mcisogem_acte_absence_dents_medical_manager,mcisogem.acte.absence.dents medical_manager,model_mcisogem_acte_absence_dents,group_medical_manager,1,1,1,1
access_mcisogem_sous_actes_medical_manager,mcisogem.sous.actes medical_manager,model_mcisogem_sous_actes,group_medical_manager,1,1,1,1
access_mcisogem_sous_actes_centre_medical_manager,mcisogem.sous.actes.centre medical_manager,model_mcisogem_sous_actes,group_medical_manager,1,1,1,1
access_mcisogem_tarif_convention_medical_manager,mcisogem.tarif.convention medical_manager,model_mcisogem_tarif_convention,group_medical_manager,1,1,1,1
access_mcisogem_tarif_convention_temp_medical_manager,mcisogem.tarif.convention.temp medical_manager,model_mcisogem_tarif_convention_temp,group_medical_manager,1,1,1,1
access_mcisogem_tarif_convention_centre_temp_medical_manager,mcisogem.tarif.convention.centre.temp medical_manager,model_mcisogem_tarif_convention_centre_temp,group_medical_manager,1,1,1,1
access_mcisogem_tarif_convention_centre_medical_manager,mcisogem.tarif.convention.centre medical_manager,model_mcisogem_tarif_convention_centre,group_medical_manager,1,1,1,1
access_mcisogem_bareme_medical_manager,mcisogem.bareme medical_manager,model_mcisogem_bareme,group_medical_manager,1,1,1,1
access_mcisogem_bareme_stat_benef_temp_medical_manager,mcisogem.bareme.stat.benef.temp medical_manager,model_mcisogem_bareme_stat_benef_temp,group_medical_manager,1,1,1,1
access_mcisogem_bareme_college_temp_medical_manager,mcisogem.bareme.college.temp medical_manager,model_mcisogem_bareme_college_temp,group_medical_manager,1,1,1,1
access_mcisogem_bareme_acte_temp_medical_manager,mcisogem.bareme_acte_temp medical_manager,model_mcisogem_bareme_acte_temp,group_medical_manager,1,1,1,1
access_mcisogem_college_temporaire_medical_manager,mcisogem.college.temporaire medical_manager,model_mcisogem_college_temporaire,group_medical_manager,1,1,1,1
access_mcisogem_benef_medical_manager,mcisogem.benef medical_manager,model_mcisogem_benef,group_medical_manager,1,1,1,1
access_mcisogem_acte_lie_medical_manager,mcisogem.actes.lies.autres medical_manager,model_mcisogem_actes_lies_autres,group_medical_manager,1,1,1,1
access_mcisogem_agent_centre_medical_manager,mcisogem.agent.centre medical_manager,model_mcisogem_agent_centre,group_medical_manager,1,1,1,1
access_mcisogem_agr_prestat_medical_manager,mcisogem.agr.prest medical_manager,model_mcisogem_agr_prestat,group_medical_manager,1,1,1,1
access_mcisogem_chapitre_affection_medical_manager,mcisogem.chapitre.affection medical_manager,model_mcisogem_chapitre_affection,group_medical_manager,1,1,1,1
access_mcisogem_intervalle2actes_medical_manager,mcisogem.intervalle2actes medical_manager,model_mcisogem_intervalle2actes,group_medical_manager,1,1,1,1
access_mcisogem_rata_convention_medical_manager,mcisogem.rata.convention medical_manager,model_mcisogem_rata_convention,group_medical_manager,1,1,1,1
access_mcisogem_acte_temp_medical_manager,mcisogem.default.acte.temp medical_manager,model_mcisogem_default_acte_temp,group_medical_manager,1,1,1,1
access_mcisogem_acte_temp_medical_manager,mcisogem.default.acte.temp medical_manager,model_mcisogem_default_acte_temp,group_medical_manager,1,1,1,1

access_mcisogem_pays_medical_manager,mcisogem.pays medical_manager,model_mcisogem_pays,group_medical_manager,1,1,1,1
access_mcisogem_ville_medical_manager,mcisogem.ville medical_manager,model_mcisogem_ville,group_medical_manager,1,1,1,
access_mcisogem_district_medical_manager,mcisogem.district medical_manager,model_mcisogem_district,group_medical_manager,1,1,1,1
access_mcisogem_commune_medical_manager,mcisogem.commune medical_manager,model_mcisogem_commune,group_medical_manager,1,1,1,1

access_mcisogem_sous_chapitre_medical_manager,mcisogem.sous.chapitre.affection medical_manager,model_mcisogem_sous_chapitre_affection,group_medical_manager,1,1,1,1
access_mcisogem_tarif_convention_med_medical_manager,mcisogem.tarif.convention.medecin medical_manager,model_mcisogem_tarif_convention_medecin,group_medical_manager,1,1,1,1
access_mcisogem_tarif_convention_med_temp_medical_manager,mcisogem.tarif.convention.medecin.temp medical_manager,model_mcisogem_tarif_convention_medecin_temp,group_medical_manager,1,1,1,1

access_mcisogem_ticket_nego_nomen_prest_temp_production_manager,mcisogem.ticket.nego.nomen.prest.temp production_manager,model_mcisogem_ticket_nego_nomen_prest_temp,group_production_manager,1,1,1,1
access_mcisogem_ticket_nego_nomen_prest_temp_production_user,mcisogem.ticket.nego.nomen.prest.temp production_user,model_mcisogem_ticket_nego_nomen_prest_temp,group_production_user,1,1,1,1
access_mcisogem_surprime_production_manager,mcisogem.surprime production_manager,model_mcisogem_surprime,group_production_manager,1,1,1,1
access_mcisogem_liste_noire_production_manager,mcisogem.liste.noire production_manager,model_mcisogem_liste_noire,group_production_manager,1,0,1,0
access_mcisogem_histo_resil_police_production_manager,mcisogem.histo.resil.police production_manager,model_mcisogem_histo_resil_police,group_production_manager,1,0,1,0
access_mcisogem_quittancier_production_manager,mcisogem.qittancier production_manager,model_mcisogem_quittancier,group_production_manager,1,0,1,0
access_mcisogem_detail_quittancier_production_manager,mcisogem.detail.qittancier production_manager,model_mcisogem_detail_quittancier,group_production_manager,1,1,1,1

access_mcisogem_bareme_production_manager,mcisogem.bareme production_manager,model_mcisogem_bareme,group_production_manager,1,1,1,1
access_mcisogem_fam_prest_production_manager,mcisogem.fam.prest production_manager,model_mcisogem_fam_prest,group_production_manager,1,1,1,1
access_mcisogem_bareme_acte_temp_production_manager,mcisogem.bareme.acte.temp production_manager,model_mcisogem_bareme_acte_temp,group_production_manager,1,1,1,1
access_mcisogem_nomen_prest_production_manager,mcisogem.nomen.prest production_manager,model_mcisogem_nomen_prest,group_production_manager,1,1,1,1
access_mcisogem_stat_benef_temp_production_manager,mcisogem.bareme.stat.benef.temp production_manager,model_mcisogem_bareme_stat_benef_temp,group_production_manager,1,1,1,1
access_mcisogem_bareme_college_temp_production_manager,mcisogem.bareme.college.temp production_manager,model_mcisogem_bareme_college_temp,group_production_manager,1,1,1,1

access_mcisogem_detail_quittancier_ret_production_manager,mcisogem.detail.quittancier.retrait production_manager,model_mcisogem_detail_quittancier_retrait,group_production_manager,1,1,1,1


access_mcisogem_budget_production_manager,mcisogem.budget production_manager,model_mcisogem_budget,group_production_manager,1,1,1,1
access_mcisogem_encaissement_production_manager,mcisogem.encaissement production_manager,model_mcisogem_encaissement,group_production_manager,1,1,1,1
access_mcisogem_act_excl_pol_production_manager,mcisogem.act.excl.pol production_manager,model_mcisogem_act_excl_pol,group_production_manager,1,1,1,1
access_mcisogem_tarif_nego_police_production_manager,mcisogem.tarif.nego.police production_manager,model_mcisogem_tarif_nego_police,group_production_manager,1,1,0,1
access_mcisogem_benef_production_manager,mcisogem.benef production_manager,model_mcisogem_benef,group_production_manager,1,1,1,1
access_mcisogem_histo_copie_tarif_police_production_manager,mcisogem.histo.copie.tarif.police production_manager,model_mcisogem_histo_copie_tarif_police,group_production_manager,1,1,1,1
access_mcisogem_histo_copie_tarif_centre_production_manager,mcisogem.histo.copie.tarif.centre production_manager,model_mcisogem_histo_copie_tarif_centre,group_production_manager,1,1,1,1
access_mcisogem_tick_mod_pol_production_manager,mcisogem.tick.mod.pol production_manager,model_mcisogem_tick_mod_pol,group_production_manager,1,1,1,1
access_mcisogem_tarif_nego_temp_production_manager,mcisogem.tarif.nego.centre.temp production_manager,model_mcisogem_tarif_nego_centre_temp,group_production_manager,1,1,1,1
access_mcisogem_tarif_nego_temp_production_user,mcisogem.tarif.nego.centre.temp production_user,model_mcisogem_tarif_nego_centre_temp,group_production_user,1,1,1,1
access_mcisogem_act_excl_benef_production_manager,mcisogem.act.excl.benef production_manager,model_mcisogem_act_excl_benef,group_production_manager,1,1,1,1
access_mcisogem_tarif_nego_benef_production_manager,mcisogem.tarif.nego.benef production_manager,model_mcisogem_tarif_nego_benef,group_production_manager,1,1,1,1
access_mcisogem_tick_mod_nego_benef_production_manager,mcisogem.tick.mod.nego.benef production_manager,model_mcisogem_tick_mod_nego_benef,group_production_manager,1,1,1,1
access_mcisogem_histo_clot_police_production_manager,mcisogem.histo.clot.police production_manager,model_mcisogem_histo_clot_police,group_production_manager,1,1,1,1
access_mcisogem_histo_renouv_police_production_manager,mcisogem.histo.renouv.police production_manager,model_mcisogem_histo_renouv_police,group_production_manager,1,1,1,1
access_mcisogem_histo_retrait_masse_production_manager,mcisogem.histo.retrait.masse production_manager,model_mcisogem_histo_retrait_masse,group_production_manager,1,1,1,1
access_mcisogem_surprime_production_user,mcisogem.surprime production_user,model_mcisogem_surprime,group_production_user,1,1,1,1
access_mcisogem_tarif_col_temp_production_manager,mcisogem.tarif.college.temp production_manager,model_mcisogem_tarif_college_temp,group_production_manager,1,1,1,1
access_mcisogem_tarif_col_temp_user_manager,mcisogem.tarif.college.temp user_manager,model_mcisogem_tarif_college_temp,group_production_manager,1,1,1,1
access_mcisogem_liste_noire_production_user,mcisogem.liste.noire production_user,model_mcisogem_liste_noire,group_production_user,1,0,1,0
access_mcisogem_budget_production_user,mcisogem.budget production_user,model_mcisogem_budget,group_production_user,1,1,1,1
access_mcisogem_histo_resil_police_production_user,mcisogem.histo.resil.police production_user,model_mcisogem_histo_resil_police,group_production_user,1,0,1,0
access_mcisogem_quittancier_production_user,mcisogem.qittancier production_user,model_mcisogem_quittancier,group_production_user,1,1,1,1
access_mcisogem_detail_quittancier_production_user,mcisogem.detail.qittancier production_user,model_mcisogem_detail_quittancier,group_production_user,1,1,1,1
access_mcisogem_encaissement_production_user,mcisogem.encaissement production_user,model_mcisogem_encaissement,group_production_user,1,1,1,1
access_mcisogem_act_excl_pol_production_user,mcisogem.act.excl.pol production_user,model_mcisogem_act_excl_pol,group_production_user,1,1,1,1
access_mcisogem_tarif_nego_police_production_user,mcisogem.tarif.nego.police production_user,model_mcisogem_tarif_nego_police,group_production_user,1,1,1,1
access_mcisogem_benef_production_user,mcisogem.benef production_user,model_mcisogem_benef,group_production_user,1,1,1,1
access_mcisogem_delai_carence_production_user,mcisogem.delai.carence production_user,model_mcisogem_delai_carence,,group_production_user,1,1,1,1
access_mcisogem_histo_copie_tarif_police_production_user,mcisogem.histo.copie.tarif.police production_user,model_mcisogem_histo_copie_tarif_police,group_production_user,1,1,1,1
access_mcisogem_histo_copie_tarif_centre_production_user,mcisogem.histo.copie.tarif.centre production_user,model_mcisogem_histo_copie_tarif_centre,group_production_user,1,1,1,1
access_mcisogem_tick_mod_pol_prduction_user,mcisogem.tick.mod.pol production_user,model_mcisogem_tick_mod_pol,group_production_user,1,1,1,1
access_mcisogem_act_excl_benef_production_user,mcisogem.act.excl.benef production_user,model_mcisogem_act_excl_benef,group_production_user,1,1,1,1
access_mcisogem_tarif_nego_benef_production_user,mcisogem.tarif.nego.benef production_user,model_mcisogem_tarif_nego_benef,group_production_user,1,1,1,1
access_mcisogem_tick_mod_nego_benef_production_user,mcisogem.tick.mod.nego.benef production_user,model_mcisogem_tick_mod_nego_benef,group_production_user,1,1,1,1
access_mcisogem_histo_clot_police_production_user,mcisogem.histo.clot.police production_user,model_mcisogem_histo_clot_police,group_production_user,1,1,1,1
access_mcisogem_histo_renouv_police_production_user,mcisogem.histo.renouv.police production_user,model_mcisogem_histo_renouv_police,group_production_user,1,1,1,1
access_mcisogem_histo_retrait_masse_production_user,mcisogem.histo.retrait.masse production_user,model_mcisogem_histo_retrait_masse,group_production_user,1,1,1,1

access_mcisogem_benf_incorpo_production_manager,mcisogem.benf_incorpo production_manager,model_mcisogem_benf_incorpo,group_production_manager,1,1,1,1
access_mcisogem_benef_production_manager,mcisogem.benef production_manager,model_mcisogem_benef,group_production_manager,1,1,1,1
access_mcisogem_garant_production_manager,mcisogem.garant production_manager,model_mcisogem_garant,group_production_manager,1,1,1,1
access_mcisogem_souscripteur_production_manager,mcisogem.souscripteur production_manager,model_mcisogem_souscripteur,group_production_manager,1,1,1,1
access_mcisogem_college_production_manager,mcisogem.college production_manager,model_mcisogem_college,group_production_manager,1,1,1,1
access_mcisogem_police_complementaire_beneficiaire_production_manager,mcisogem.police.complementaire.beneficiaire production_manager,model_mcisogem_police_complementaire_beneficiaire,group_production_manager,1,1,1,1
access_mcisogem_retrait_production_manager,mcisogem.retrait production_manager,model_mcisogem_retrait,group_production_manager,1,1,1,1
access_mcisogem_suspend_production_manager,mcisogem.suspend production_manager,model_mcisogem_suspend,group_production_manager,1,1,1,1
access_mcisogem_plainte_production_manager,mcisogem.plainte production_manager,model_mcisogem_plainte,group_production_manager,1,0,0,0
access_mcisogem_objetp_production_manager,mcisogem.objetp production_manager,model_mcisogem_objetp,group_production_manager,1,1,1,1
access_mcisogem_categoriep_production_manager,mcisogem.categoriep production_manager,model_mcisogem_categoriep,group_production_manager,1,1,1,1
access_hr_mci_notification_user_production_manager,hr.mci.notification.user production_manager,model_hr_mci_notification_user,group_production_manager,1,1,1,1
access_report_incorporation_production_manager,report.incorporation production_manager,model_report_incorporation,group_production_manager,1,1,1,1
access_report_retrait_production_manager,report.retrait production_manager,model_report_retrait,group_production_manager,1,0,0,0
access_report_suspend_production_manager,report.suspend production_manager,model_report_suspend,group_production_manager,1,0,0,0
access_report_benef_report_production_manager,report.benef.report production_manager,model_report_benef_report,group_production_manager,1,1,1,1
access_report_prestation_production_manager,report.prestation production_manager,model_report_prestation,group_production_manager,1,1,1,1



access_mcisogem_entente_medecin_conseil,mcisogem.entente medecin_conseil,model_mcisogem_entente,group_medecin_conseil,1,0,0,0
access_mcisogem_pcharge_medecin_conseil,mcisogem.pcharge medecin_conseil,model_mcisogem_pcharge,group_medecin_conseil,1,0,0,0
access_report_ententep_medecin_conseil,report.ententep medecin_conseil,model_report_ententep,group_medecin_conseil,1,1,1,1
access_report_pcharge_medecin_conseil,report.pcharge medecin_conseil,model_report_pcharge,group_medecin_conseil,1,1,1,1
access_mcisogem_benef_medecin_conseil,mcisogem.benef medecin_conseil,model_mcisogem_benef,group_medecin_conseil,1,0,0,0
access_mcisogem_garant_medecin_conseil,mcisogem.garant medecin_conseil,model_mcisogem_garant,group_medecin_conseil,1,0,0,0
access_mcisogem_souscripteur_medecin_conseil,mcisogem.souscripteur medecin_conseil,model_mcisogem_souscripteur,group_medecin_conseil,1,0,0,0
access_mcisogem_fam_prest_medecin_conseil,mcisogem.fam.prest medecin_conseil,model_mcisogem_fam_prest,group_medecin_conseil,1,0,0,0
access_mcisogem_nomen_prest_medecin_conseil,mcisogem.nomen.prest medecin_conseil,model_mcisogem_nomen_prest,group_medecin_conseil,1,0,0,0
access_mcisogem_motif_vpc_mmedecin_conseil,mcisogem.motif.vpc medecin_conseil,model_mcisogem_motif_vpc,group_medecin_conseil,1,1,1,1
access_mcisogem_motif_vep_mmedecin_conseil,mcisogem.motif.vep medecin_conseil,model_mcisogem_motif_vep,group_medecin_conseil,1,1,1,1
access_mcisogem_motif_vpro_mmedecin_conseil,mcisogem.motif.vpro medecin_conseil,model_mcisogem_motif_vpro,group_medecin_conseil,1,1,1,1
access_mcisogem_prorogation_medecin_conseil,mcisogem.prorogation medecin_conseil,model_mcisogem_prorogation,group_medecin_conseil,1,0,0,0


access_mcisogem_police_prestataire,mcisogem.police prestataire,model_mcisogem_police,group_prestataire,1,0,0,0
access_mcisogem_benef_prestataire,mcisogem.benef prestataire,model_mcisogem_benef,group_prestataire,1,0,0,0
access_mcisogem_centre_prestataire,mcisogem.centre prestataire,model_mcisogem_centre,group_prestataire,1,0,0,0
access_mcisogem_centre_tempo_prestataire,mcisogem.centre.tempo prestataire,model_mcisogem_centre_tempo,group_prestataire,1,1,1,1
access_mcisogem_affec_prestataire,mcisogem.affec prestataire,model_mcisogem_affec,group_prestataire,1,0,0,0
access_mcisogem_acte_entente_prealable_prestataire,mcisogem.acte.entente.prealable prestataire,model_mcisogem_acte_entente_prealable,group_prestataire,1,0,0,0
access_mcisogem_praticien_prestataire,mcisogem.praticien prestataire,model_mcisogem_praticien,group_prestataire,1,0,0,0
access_mcisogem_praticien_tempo_prestataire,mcisogem.praticien.tempo prestataire,model_mcisogem_praticien_tempo,group_prestataire,1,1,1,1
access_mcisogem_fam_prest_prestataire,mcisogem.fam.prest prestataire,model_mcisogem_fam_prest,group_prestataire,1,0,0,0
access_mcisogem_tarif_nego_police_prestataire,mcisogem.tarif.nego.police prestataire,model_mcisogem_tarif_nego_police,group_prestataire,1,0,0,0
access_mcisogem_histo_police_prestataire,mcisogem.histo.police prestataire,model_mcisogem_histo_police,group_prestataire,1,0,0,0
access_mcisogem_college_prestataire,mcisogem.college prestataire,model_mcisogem_college,group_prestataire,1,0,0,0
access_mcisogem_souscripteur_prestataire,mcisogem.souscripteur prestataire,model_mcisogem_souscripteur,group_prestataire,1,0,0,0
access_res_users_prestataire,res.users prestataire,model_res_users,group_prestataire,1,0,0,0
access_hr_mci_notification_user_prestataire,hr.mci.notification.user prestataire,model_hr_mci_notification_user,group_prestataire,1,1,1,1
access_mcisogem_garant_prestataire,mcisogem.garant prestataire,model_mcisogem_garant,group_prestataire,1,0,0,0
access_mcisogem_stat_benef_prestataire,mcisogem.stat.benef prestataire,model_mcisogem_stat_benef,group_prestataire,1,0,0,0
access_mcisogem_info_demande_garant_prestataire,mcisogem.info_demande_garant prestataire,model_mcisogem_info_demande_garant,group_prestataire,1,0,0,0
access_mcisogem_entente_prestataire,mcisogem.entente prestataire,model_mcisogem_entente,group_prestataire,1,1,1,1
access_mcisogem_pcharge_prestataire,mcisogem.pcharge prestataire,model_mcisogem_pcharge,group_prestataire,1,1,1,1
access_mcisogem_info_demande_garant_prestataire,mcisogem.info_demande_garant prestataire,model_mcisogem_info_demande_garant,group_prestataire,1,0,0,0
access_mcisogem_police_comp_prestataire,mcisogem.police.complementaire.beneficiaire prestataire,model_mcisogem_police_complementaire_beneficiaire,group_prestataire,1,0,0,0
access_mcisogem_nomen_prest_prestataire,mcisogem.nomen.prest prestataire,model_mcisogem_nomen_prest,group_prestataire,1,0,0,0
access_mcisogem_prorogation_prestataire,mcisogem.prorogation prestataire,model_mcisogem_prorogation,group_prestataire,1,1,1,1
access_report_pcharge_centre_prestataire,report.pcharge.centre prestataire,model_report_pcharge_centre,group_prestataire,1,1,1,1
access_report_ententep_centre_prestataire,report.ententep.centre prestataire,model_report_ententep_centre,group_prestataire,1,1,1,1




access_mcisogem_plainte_garant,mcisogem.plainte garant,model_mcisogem_plainte,group_garant,1,1,1,1
access_mcisogem_objetp_garant,mcisogem.objetp garant,model_mcisogem_objetp,group_garant,1,0,0,0
access_mcisogem_categoriep_garant,mcisogem.categoriep garant,model_mcisogem_categoriep,group_garant,1,0,0,0
access_mcisogem_police_inc_garant_garant,mcisogem.police.inc.garant garant,model_mcisogem_police_inc_garant,group_garant,1,1,1,1
access_mcisogem_police_garant,mcisogem.police garant,model_mcisogem_police,group_garant,1,0,0,0
access_mcisogem_benef_garant,mcisogem.benef garant,model_mcisogem_benef,group_garant,1,0,0,0
access_mcisogem_centre_garant,mcisogem.centre garant,model_mcisogem_centre,group_garant,1,0,0,0
access_mcisogem_centre_tempo_garant,mcisogem.centre.tempo garant,model_mcisogem_centre_tempo,group_garant,1,1,1,1
access_mcisogem_affec_garant,mcisogem.affec garant,model_mcisogem_affec,group_garant,1,0,0,0
access_mcisogem_acte_entente_prealable_garant,mcisogem.acte.entente.prealable garant,model_mcisogem_acte_entente_prealable,group_garant,1,0,0,0
access_mcisogem_praticien_garant,mcisogem.praticien garant,model_mcisogem_praticien,group_garant,1,0,0,0
access_mcisogem_praticien_tempo_garant,mcisogem.praticien.tempo garant,model_mcisogem_praticien_tempo,group_garant,1,1,1,1
access_mcisogem_fam_prest_garant,mcisogem.fam.prest garant,model_mcisogem_fam_prest,group_garant,1,0,0,0
access_mcisogem_tarif_nego_police_garant,mcisogem.tarif.nego.police garant,model_mcisogem_tarif_nego_police,group_garant,1,0,0,0
access_mcisogem_histo_police_garant,mcisogem.histo.police garant,model_mcisogem_histo_police,group_garant,1,0,0,0
access_mcisogem_college_garant,mcisogem.college garant,model_mcisogem_college,group_garant,1,0,0,0
access_mcisogem_souscripteur_garant,mcisogem.souscripteur garant,model_mcisogem_souscripteur,group_garant,1,0,0,0
access_res_users_garant,res.users garant,model_res_users,group_garant,1,0,0,0
access_hr_mci_notification_user_garant,hr.mci.notification.user garant,model_hr_mci_notification_user,group_garant,1,1,1,1
access_mcisogem_garant_garant,mcisogem.garant garant,model_mcisogem_garant,group_garant,1,0,0,0
access_mcisogem_stat_benef_garant,mcisogem.stat.benef garant,model_mcisogem_stat_benef,group_garant,1,0,0,0
access_mcisogem_info_demande_garant_garant,mcisogem.info_demande_garant garant,model_mcisogem_info_demande_garant,group_garant,1,0,0,0
access_mcisogem_benf_incorpo_garant,mcisogem.benf_incorpo garant,model_mcisogem_benf_incorpo,group_garant,1,1,1,1
access_mcisogem_retrait_garant,mcisogem.retrait garant,model_mcisogem_retrait,group_garant,1,1,1,1
access_mcisogem_suspend_garant,mcisogem.suspend garant,model_mcisogem_suspend,group_garant,1,1,1,1
access_mcisogem_recherche_benef_garant_garant,mcisogem.recherche.benef.garant garant,model_mcisogem_recherche_benef_garant,group_garant,1,1,1,1
access_mcisogem_recherche_benef_garant2_garant,mcisogem.recherche.benef.garant2 garant,model_mcisogem_recherche_benef_garant2,group_garant,1,1,1,1
access_mcisogem_souscripteur_garant_garant,mcisogem.souscripteur.garant garant,model_mcisogem_souscripteur_garant,group_garant,1,1,1,1
access_mcisogem_college_garant_garant,mcisogem.college.garant garant,model_mcisogem_college_garant,group_garant,1,1,1,1
access_report_benef_n_garant_garant,report.benef.n.garant garant,model_report_benef_n_garant,group_garant,1,1,1,1
access_report_incorporation_garant_garant,report.incorporation.garant garant,model_report_incorporation_garant,group_garant,1,1,1,1
access_mcisogem_info_garant_garant,mcisogem.isnfo_garant garant,model_mcisogem_info_garant,group_garant,1,1,1,1
access_mcisogem_recherche_benef_garant_garant,mcisogem.recherche.benef.garant garant,model_mcisogem_recherche_benef_garant,group_garant,1,1,1,1
access_mcisogem_recherche_benef_garant2_garant,mcisogem.recherche.benef.garant2 garant,model_mcisogem_recherche_benef_garant2,group_garant,1,1,1,1
access_report_retrait_garant_garant,report.retrait.garant garant,model_report_retrait_garant,group_garant,1,1,1,1
access_report_suspend_garant_garant,report.suspend.garant garant,model_report_suspend_garant,group_garant,1,1,1,1
access_report_prestation_garant_garant,report.prestation.garant garant,model_report_prestation_garant,group_garant,1,1,1,1

access_mcisogem_image_carte_1_garant,mcisogem.image.carte.1 garant,model_mcisogem_image_carte_1,group_garant,1,1,1,1

access_mcisogem_plainte_souscripteur,mcisogem.plainte souscripteur,model_mcisogem_plainte,group_souscripteur,1,1,1,1
access_mcisogem_objetp_souscripteur,mcisogem.objetp souscripteur,model_mcisogem_objetp,group_souscripteur,1,0,0,0
access_mcisogem_categoriep_souscripteur,mcisogem.categoriep souscripteur,model_mcisogem_categoriep,group_souscripteur,1,0,0,0
access_mcisogem_police_souscripteur,mcisogem.police souscripteur,model_mcisogem_police,group_souscripteur,1,0,0,0
access_mcisogem_bareme_souscripteur,mcisogem.bareme souscripteur,model_mcisogem_bareme,group_souscripteur,1,0,0,0
access_mcisogem_acte_entente_prealable_souscripteur,mcisogem.acte.entente.prealable souscripteur,model_mcisogem_acte_entente_prealable,group_souscripteur,1,0,0,0
access_mcisogem_prestation_souscripteur,mcisogem.prestation souscripteur,model_mcisogem_prestation,group_souscripteur,1,0,0,0
access_mcisogem_genre_reclamation_souscripteur,mcisogem.genre.reclamation souscripteur,model_mcisogem_genre_reclamation,group_souscripteur,1,0,0,0
access_mcisogem_reclamation_souscripteur,mcisogem.reclamation souscripteur,model_mcisogem_reclamation,group_souscripteur,1,1,1,1
access_mcisogem_acte_souscripteur,mcisogem.nomen.prest souscripteur,model_mcisogem_nomen_prest,group_souscripteur,1,0,0,0
access_mcisogem_tarif_nego_police_souscripteur,mcisogem.tarif.nego.police souscripteur,model_mcisogem_tarif_nego_police,group_souscripteur,1,0,0,0
access_mcisogem_liste_dent_souscripteur,mcisogem.liste.dent souscripteur,model_mcisogem_liste_dent,group_souscripteur,1,1,1,1
access_mcisogem_prest_sous_actes_souscripteur,mcisogem.prestation.sous.actes souscripteur,model_mcisogem_prestation_sous_actes,group_souscripteur,1,1,1,1
access_mcisogem_prest_ordonance_souscripteur,mcisogem.prestation.ordornance souscripteur,model_mcisogem_prestation_ordornance,group_souscripteur,1,1,1,1
access_mcisogem_bar_inter_souscripteur,mcisogem.bar.inter souscripteur,model_mcisogem_bar_inter,group_souscripteur,1,0,0,0
access_mcisogem_benef_souscripteur,mcisogem.benef souscripteur,model_mcisogem_benef,group_souscripteur,1,0,0,0
access_hr_mci_notification_user_souscripteur,hr.mci.notification.user souscripteur,model_hr_mci_notification_user,group_souscripteur,1,1,1,1
access_mcisogem_account_period_souscripteur,mcisogem.account.period souscripteur,model_mcisogem_account_period,group_souscripteur,1,1,1,1

access_mcisogem_image_carte_1_prod_manager,mcisogem.image.carte.1 production_manager,model_mcisogem_image_carte_1,group_production_manager,1,1,1,1
access_mcisogem_recherche_carte_prod_manager,mcisogem.recherche.carte production_manager,model_mcisogem_recherche_carte,group_production_manager,1,1,1,1
access_mcisogem_recherche_carte2_prod_manager,mcisogem.recherche.carte2 production_manager,model_mcisogem_recherche_carte2,group_production_manager,1,1,1,1

access_mcisogem_souscripteur_garant_prod_manager,mcisogem.souscripteur.group_production_manager garant,model_mcisogem_souscripteur_garant,group_production_manager,1,1,1,1
access_mcisogem_college_garant_prod_manager,mcisogem.college.garant group_production_manager,model_mcisogem_college_garant,group_production_manager,1,1,1,1

access_mcisogem_garant_temp2_manager,mcisogem.garant.temp2 comptabilite_manager,model_mcisogem_garant_temp2,group_comptabilite_manager,1,1,1,1
access_mcisogem_banquec_temp_manager,mcisogem.banquec.temp comptabilite_manager,model_mcisogem_banquec_temp,group_comptabilite_manager,1,1,1,1

access_mcisogem_banque_manager,mcisogem.banque comptabilite_manager,model_mcisogem_banque,group_comptabilite_manager,1,1,1,1

access_mcisogem_recherche_etat_sinistre_c,mcisogem.recherche.etat.sinistre.c comptabilite_manager,model_mcisogem_recherche_etat_sinistre_c,group_comptabilite_manager,1,1,1,1

access_mcisogem_mcisogem_prestation_etat_sinistre_v_temp,mcisogem.prestation.etat.sinistre.v.temp comptabilite_manager,model_mcisogem_prestation_etat_sinistre_v_temp,group_comptabilite_manager,1,1,1,1

access_mcisogem_mcisogem_prestation_etat_sinistre_v,mcisogem.prestation.etat.sinistre.v comptabilite_manager,model_mcisogem_prestation_etat_sinistre_v,group_comptabilite_manager,1,1,1,1

access_mcisogem_recherche_etat_sinistre_v,mcisogem.recherche.etat.sinistre.v comptabilite_manager,model_mcisogem_recherche_etat_sinistre_v,group_comptabilite_manager,1,1,1,1

access_mcisogem_mcisogem_prestation_etat_sinistre_v2_temp,mcisogem.prestation.etat.sinistre.v2.temp comptabilite_manager,model_mcisogem_prestation_etat_sinistre_v2_temp,group_comptabilite_manager,1,1,1,1

access_mcisogem_mcisogem_prestation_etat_sinistre_v2,mcisogem.prestation.etat.sinistre.v2 comptabilite_manager,model_mcisogem_prestation_etat_sinistre_v2,group_comptabilite_manager,1,1,1,1

access_mcisogem_souscripteur_garant_prod_manager,mcisogem.souscripteur.garant production_manager,model_mcisogem_souscripteur_garant,group_production_manager,1,1,1,1
access_mcisogem_college_garant_prod_manager,mcisogem.college.garant production_manager,model_mcisogem_college_garant,group_production_manager,1,1,1,1
access_mcisogem_recherche_benef_prod_manager,mcisogem.recherche.benef production_manager,model_mcisogem_recherche_benef,group_production_manager,1,1,1,1
access_mcisogem_recherche_benef2_prod_manager,mcisogem.recherche.benef2 production_manager,model_mcisogem_recherche_benef2,group_production_manager,1,1,1,1

access_mcisogem_prestation_prestataire,mcisogem.prestation prestataire,model_mcisogem_prestation,group_prestataire,1,0,0,0
access_mcisogem_prestation_medecin_conseil,mcisogem.prestation medecin_conseil,model_mcisogem_prestation,group_medecin_conseil,1,0,0,0
access_mcisogem_prestation_prest_manager_sc,mcisogem.prestation secretariat_medical,model_mcisogem_prestation,group_secretariat_medical,1,1,1,1

access_mcisogem_agr_prestat_prestataire,mcisogem.agr.prestat prestataire,model_mcisogem_agr_prestat,group_prestataire,1,0,0,0
access_mcisogem_bareme_prestataire,mcisogem.bareme prestataire,model_mcisogem_bareme,group_prestataire,1,0,0,0

access_mcisogem_genre_reclamation_prod_manager,mcisogem.genre.reclamation production_manager,model_mcisogem_genre_reclamation,group_production_manager,1,1,1,1
access_mcisogem_reclamation_prod_manager,mcisogem.reclamation production_manager,model_mcisogem_reclamation,group_production_manager,1,0,0,0


access_mcisogem_pret_virement_rech_temp_manager,mcisogem.prestation.recherche.virement.temp prestation_manager,model_mcisogem_prestation_recherche_virement_temp,group_prestation_manager,1,1,1,1
access_mcisogem_compta_rech_virement_temp_manager,mcisogem.prestation.recherche.virement.temp comptabilite_manager,model_mcisogem_prestation_recherche_virement_temp,group_comptabilite_manager,1,1,1,1
access_mcisogem_pret_rech_virement_temp_manager_sc,mcisogem.prestation.recherche.virement.temp secretariat_medical,model_mcisogem_prestation_recherche_virement_temp,group_secretariat_medical,1,1,1,1


access_report_prestation_production_manager,report.prestation production_manager,model_report_prestation,group_production_manager,1,1,1,1
access_mcisogem_report_stat_prescription_med_production_manager,mcisogem.report.stat.prescription.med production_manager,model_mcisogem_report_stat_prescription_med,group_production_manager,1,1,1,1
access_report_conso_global_production_manager,report.conso.global production_manager,model_report_conso_global,group_production_manager,1,1,1,1
access_mcisogem_report_stat_acte_conso_manager,mcisogem.report.stat.acte.conso production_manager,model_mcisogem_report_stat_acte_conso,group_production_manager,1,1,1,1

access_report_prestation_prestation_manager,report.prestation prestation_manager,model_report_prestation,group_prestation_manager,1,1,1,1
access_mcisogem_report_stat_prescription_med_prestation_manager,mcisogem.report.stat.prescription.med prestation_manager,model_mcisogem_report_stat_prescription_med,group_prestation_manager,1,1,1,1
access_report_conso_global_prestation_manager,report.conso.global prestation_manager,model_report_conso_global,group_prestation_manager,1,1,1,1
access_mcisogem_report_stat_acte_conso_prestation_manager,mcisogem.report.stat.acte.conso prestation_manager,model_mcisogem_report_stat_acte_conso,group_prestation_manager,1,1,1,1

access_mcisogem_type_centre_sc,mcisogem.type.centre secretariat_medical,model_mcisogem_type_centre,group_secretariat_medical,1,1,1,1

access_mcisogem_account_period_garant,mcisogem.account.period garant,model_mcisogem_account_period,group_garant,1,1,1,1

access_mcisogem_produit_production_manager,mcisogem.produit production_manager,model_mcisogem_produit,group_production_manager,1,1,1,1
access_mcisogem_produit_police_production_manager,mcisogem.produit.police production_manager,model_mcisogem_produit_police,group_production_manager,1,1,1,1